{"Time": 149655, "V1": 1.772908, "V2": -1.016848, "V3": 1.177688, "V4": -1.298174, "V5": 0.090541, "V6": -2.426781, "V7": -0.554068, "V8": -1.715569, "V9": -1.089315, "V10": 0.655804, "V11": 0.167468, "V12": -0.206931, "V13": -0.813002, "V14": 1.933245, "V15": 1.124833, "V16": 1.359451, "V17": 2.162364, "V18": -0.066399, "V19": 0.90294, "V20": 1.765709, "V21": 1.693182, "V22": -0.683703, "V23": 2.49029, "V24": -0.499316, "V25": 2.642727, "V26": 0.070871, "V27": -1.157275, "V28": -0.045363, "Amount": 53.11, "Class": 0}